x            , y
1619443143146, 3.4
1619443143190, 3.8000000000000003
1619443143245, 4.1
1619443143245, 4.4
1619443143306, 4.6000000000000005
1619443143306, 4.7
1619443143306, 4.9
1619443143352, 5.1000000000000005
1619443143352, 5.4
1619443143352, 5.7
1619443143352, 6.1000000000000005
1619443143352, 6.7
1619443143396, 7.3
1619443143396, 7.8
1619443143396, 8.2
1619443143396, 8.2
1619443143396, 8.1
1619443143437, 7.8
1619443143437, 7.4
1619443143437, 7
1619443143437, 6.6000000000000005
1619443143480, 6.2
1619443143480, 6
1619443143480, 5.9
1619443143480, 5.9
1619443143519, 6.1000000000000005
1619443143519, 6.2
1619443143519, 6.5
1619443143562, 6.8
1619443143562, 7.2
1619443143562, 7.6000000000000005
1619443143603, 8.1
1619443143603, 8.6
1619443143603, 9.1
1619443143646, 9.5
1619443143646, 10
1619443143646, 10.6
1619443143646, 11.200000000000001
1619443143687, 11.9
1619443143687, 12.6
1619443143687, 13.3
1619443143687, 13.9
1619443143730, 14.5
1619443143730, 15.1
1619443143730, 15.6
1619443143773, 16.2
1619443143773, 16.7
1619443143773, 17.2
1619443143812, 17.6
1619443143812, 17.900000000000002
1619443143812, 18
1619443143853, 18.1
1619443143853, 18.1
1619443143853, 18
1619443143853, 18
1619443143853, 18
1619443143891, 18.2
1619443143891, 18.3
1619443143928, 18.5
1619443143928, 18.7
1619443143928, 18.900000000000002
1619443143928, 19
1619443143965, 19.1
1619443143965, 19.1
1619443144003, 19
1619443144003, 18.900000000000002
1619443144003, 18.8
1619443144003, 18.7
1619443144040, 18.7
1619443144041, 18.900000000000002
1619443144041, 19.1
1619443144078, 19.3
1619443144078, 19.5
1619443144078, 19.6
1619443144115, 19.6
1619443144115, 19.6
1619443144115, 19.400000000000002
1619443144167, 19.2
1619443144167, 18.900000000000002
1619443144167, 18.7
1619443144207, 18.5
1619443144207, 18.3
1619443144207, 18.3
1619443144247, 18.2
1619443144247, 18.2
1619443144247, 18.3
1619443144247, 18.2
1619443144286, 18.2
1619443144286, 18.2
1619443144286, 18.1
1619443144286, 18.1
1619443144324, 18.2
1619443144324, 18.3
1619443144324, 18.400000000000002
1619443144365, 18.5
1619443144365, 18.6
1619443144365, 18.7
1619443144404, 18.8
1619443144404, 18.900000000000002
1619443144404, 19.1
1619443144444, 19.2
1619443144444, 19.3
1619443144444, 19.400000000000002
1619443144444, 19.400000000000002
1619443144482, 19.400000000000002
1619443144482, 19.400000000000002
1619443144482, 19.5
1619443144519, 19.5
1619443144519, 19.6
1619443144519, 19.6
1619443144558, 19.6
1619443144558, 19.6
1619443144594, 19.6
1619443144594, 19.6
1619443144594, 19.7
1619443144594, 19.7
1619443144631, 19.8
1619443144631, 19.900000000000002
1619443144631, 20
1619443144670, 20
1619443144670, 20
1619443144670, 20.3
1619443144708, 20.7
1619443144708, 21.1
1619443144708, 21.5
1619443144744, 21.7
1619443144744, 22
1619443144744, 22.2
1619443144780, 22.400000000000002
1619443144780, 22.6
1619443144780, 22.8
1619443144780, 23
1619443144820, 23.1
1619443144820, 23.2
1619443144820, 23.3
1619443144857, 23.3
1619443144857, 23.3
1619443144892, 23.3
1619443144892, 23.400000000000002
1619443144892, 23.400000000000002
1619443144892, 23.5
1619443144929, 23.6
1619443144929, 23.6
1619443144929, 23.6
1619443144979, 23.5
1619443144980, 23.400000000000002
1619443145023, 23.3
1619443145023, 23.2
1619443145023, 23.1
1619443145023, 23
1619443145059, 23
1619443145059, 22.900000000000002
1619443145059, 22.900000000000002
1619443145059, 22.900000000000002
1619443145097, 22.8
1619443145097, 22.8
1619443145097, 22.7
1619443145135, 22.7
1619443145135, 22.7
1619443145135, 22.8
1619443145172, 22.8
1619443145173, 22.900000000000002
1619443145173, 23
1619443145209, 23.1
1619443145209, 23.2
1619443145209, 23.3
1619443145209, 23.3
1619443145249, 23.3
1619443145249, 23.3
1619443145286, 23.2
1619443145286, 23.1
1619443145286, 23.1
1619443145328, 23.1
1619443145328, 23.1
1619443145328, 23.2
1619443145328, 23.2
1619443145365, 23.2
1619443145365, 23.2
1619443145365, 23.2
1619443145401, 23.1
1619443145401, 23
1619443145401, 23
1619443145443, 23
1619443145443, 23
1619443145443, 23
1619443145482, 23
1619443145482, 23.1
1619443145482, 23.1
1619443145520, 23.1
1619443145520, 23.1
1619443145520, 23.1
1619443145559, 23.2
1619443145559, 23.2
1619443145559, 23.2
1619443145596, 23.3
1619443145596, 23.3
1619443145596, 23.3
1619443145596, 23.3
1619443145635, 23.3
1619443145635, 23.3
1619443145635, 23.3
1619443145672, 23.2
1619443145672, 23.1
1619443145672, 23.1
1619443145709, 22.900000000000002
1619443145709, 22.8
1619443145709, 22.7
1619443145748, 22.6
1619443145748, 22.5
1619443145748, 22.400000000000002
1619443145784, 22.3
1619443145784, 22.3
1619443145784, 22.3
1619443145822, 22.2
1619443145822, 22.2
1619443145822, 22.1
1619443145857, 22.1
1619443145857, 22.1
1619443145857, 22
1619443145857, 21.900000000000002
1619443145893, 21.900000000000002
1619443145893, 21.8
1619443145929, 21.7
1619443145929, 21.6
1619443145929, 21.5
1619443145966, 21.5
1619443145966, 21.400000000000002
1619443145966, 21.400000000000002
1619443145966, 21.400000000000002
1619443146005, 21.400000000000002
1619443146005, 21.400000000000002
1619443146040, 21.5
1619443146040, 21.6
1619443146040, 21.8
1619443146076, 21.900000000000002
1619443146076, 22.1
1619443146076, 22.2
1619443146076, 22.2
1619443146114, 22.2
1619443146114, 22.2
1619443146151, 22.1
1619443146151, 22
1619443146151, 21.900000000000002
1619443146190, 21.8
1619443146190, 21.8
1619443146190, 21.8
1619443146228, 21.8
1619443146228, 21.8
1619443146228, 21.8
1619443146265, 21.8
1619443146265, 21.7
1619443146265, 21.7
1619443146302, 21.7
1619443146302, 21.7
1619443146302, 21.7
1619443146340, 21.7
1619443146340, 21.6
1619443146340, 21.5
1619443146340, 21.5
1619443146379, 21.400000000000002
1619443146379, 21.400000000000002
1619443146415, 21.3
1619443146415, 21.3
1619443146415, 21.3
1619443146453, 21.3
1619443146453, 21.2
1619443146453, 21.1
1619443146453, 21.1
1619443146492, 21
1619443146492, 21
1619443146492, 21
1619443146529, 21
1619443146529, 21.1
1619443146569, 21.1
1619443146569, 21.2
1619443146569, 21.2
1619443146569, 21.2
1619443146606, 21.3
1619443146606, 21.2
1619443146606, 21.2
1619443146644, 21.2
1619443146644, 21.1
1619443146644, 21
1619443146681, 21
1619443146681, 21
1619443146681, 20.900000000000002
1619443146719, 20.900000000000002
1619443146719, 20.900000000000002
1619443146719, 20.8
1619443146719, 20.8
1619443146769, 20.8
1619443146769, 20.8
1619443146812, 20.900000000000002
1619443146812, 20.900000000000002
1619443146812, 20.900000000000002
1619443146850, 20.900000000000002
1619443146850, 20.900000000000002
1619443146850, 20.900000000000002
1619443146850, 20.900000000000002
1619443146889, 20.900000000000002
1619443146889, 20.900000000000002
1619443146889, 20.900000000000002
1619443146889, 20.900000000000002
1619443146927, 20.900000000000002
1619443146927, 20.900000000000002
1619443146927, 21
1619443146963, 21
1619443146963, 21
1619443146963, 21
1619443147000, 21
1619443147000, 21
1619443147000, 21
1619443147038, 21
1619443147038, 21
1619443147038, 21
1619443147038, 21
1619443147074, 20.900000000000002
1619443147074, 20.900000000000002
1619443147111, 20.900000000000002
1619443147111, 20.8
1619443147111, 20.8
1619443147148, 20.900000000000002
1619443147148, 20.900000000000002
1619443147148, 20.900000000000002
1619443147148, 21
1619443147190, 21
1619443147190, 21
1619443147228, 21
1619443147228, 21.1
1619443147228, 21.1
1619443147266, 21.1
1619443147266, 21.1
1619443147266, 21.1
1619443147266, 21.1
1619443147304, 21.2
1619443147304, 21.2
1619443147304, 21.3
1619443147342, 21.400000000000002
1619443147342, 21.5
1619443147342, 21.6
1619443147379, 21.7
1619443147379, 21.8
1619443147379, 21.900000000000002
1619443147416, 22
1619443147416, 22
1619443147416, 22.1
1619443147453, 22.2
1619443147453, 22.3
1619443147453, 22.400000000000002
1619443147491, 22.5
1619443147491, 22.6
1619443147491, 22.6
1619443147529, 22.7
1619443147529, 22.8
1619443147529, 22.8
1619443147529, 22.900000000000002
1619443147566, 22.900000000000002
1619443147566, 23
1619443147608, 23
1619443147608, 23.1
1619443147608, 23.1
1619443147646, 23.2
1619443147646, 23.2
1619443147646, 23.3
1619443147684, 23.400000000000002
1619443147684, 23.5
1619443147684, 23.5
1619443147684, 23.6
1619443147722, 23.6
1619443147722, 23.6
1619443147722, 23.6
1619443147759, 23.6
1619443147759, 23.6
1619443147759, 23.5
1619443147798, 23.5
1619443147798, 23.5
1619443147798, 23.5
1619443147848, 23.5
1619443147848, 23.400000000000002
1619443147848, 23.400000000000002
1619443147892, 23.400000000000002
1619443147892, 23.400000000000002
1619443147892, 23.3
1619443147930, 23.3
1619443147930, 23.2
1619443147930, 23.2
1619443147930, 23.1
1619443147968, 23.1
1619443147968, 23.1
1619443147968, 23
1619443147968, 23
1619443148005, 22.900000000000002
1619443148005, 22.8
1619443148005, 22.8
1619443148042, 22.7
1619443148042, 22.7
1619443148042, 22.7
1619443148080, 22.7
1619443148080, 22.7
1619443148080, 22.6
1619443148119, 22.6
1619443148119, 22.6
1619443148119, 22.5
1619443148157, 22.400000000000002
1619443148157, 22.400000000000002
1619443148157, 22.3
1619443148195, 22.3
1619443148195, 22.2
1619443148195, 22.2
1619443148233, 22.2
1619443148233, 22.2
1619443148233, 22.2
1619443148233, 22.2
1619443148273, 22.2
1619443148273, 22.3
1619443148273, 22.3
1619443148312, 22.400000000000002
1619443148312, 22.400000000000002
1619443148351, 22.400000000000002
1619443148351, 22.5
1619443148351, 22.5
1619443148351, 22.5
1619443148388, 22.5
1619443148388, 22.6
1619443148388, 22.5
1619443148426, 22.5
1619443148426, 22.5
1619443148426, 22.5
1619443148463, 22.5
1619443148463, 22.5
1619443148463, 22.5
1619443148500, 22.6
1619443148500, 22.6
1619443148500, 22.6
1619443148537, 22.6
1619443148537, 22.6
1619443148537, 22.6
1619443148537, 22.5
1619443148575, 22.5
1619443148575, 22.5
1619443148611, 22.5
1619443148612, 22.5
1619443148612, 22.5
1619443148648, 22.5
1619443148648, 22.6
1619443148648, 22.7
1619443148648, 22.7
1619443148687, 22.8
1619443148687, 22.8
1619443148723, 22.900000000000002
1619443148723, 22.900000000000002
1619443148723, 22.8
1619443148759, 22.8
1619443148759, 22.7
1619443148759, 22.7
1619443148759, 22.7
1619443148797, 22.7
1619443148797, 22.7
1619443148836, 22.8
1619443148836, 22.900000000000002
1619443148836, 22.900000000000002
1619443148873, 22.900000000000002
1619443148873, 22.900000000000002
1619443148873, 22.900000000000002
1619443148873, 22.900000000000002
1619443148911, 22.900000000000002
1619443148911, 22.900000000000002
1619443148948, 22.8
1619443148948, 22.8
1619443148948, 22.8
1619443148948, 22.8
1619443148986, 22.7
1619443148986, 22.7
1619443148986, 22.8
1619443149023, 22.8
1619443149023, 22.8
1619443149023, 22.8
1619443149061, 22.8
1619443149061, 22.8
1619443149061, 22.7
1619443149115, 22.7
1619443149115, 22.6
1619443149115, 22.6
1619443149156, 22.5
1619443149156, 22.400000000000002
1619443149156, 22.400000000000002
1619443149192, 22.3
1619443149192, 22.3
1619443149192, 22.3
1619443149192, 22.400000000000002
1619443149192, 22.400000000000002
1619443149229, 22.5
1619443149229, 22.5
1619443149229, 22.6
1619443149265, 22.7
1619443149265, 22.7
1619443149301, 22.7
1619443149301, 22.7
1619443149301, 22.7
1619443149301, 22.7
1619443149340, 22.7
1619443149340, 22.7
1619443149340, 22.6
1619443149376, 22.6
1619443149376, 22.6
1619443149413, 22.6
1619443149413, 22.6
1619443149413, 22.6
1619443149413, 22.7
1619443149450, 22.7
1619443149450, 22.8
1619443149450, 22.8
1619443149487, 22.8
1619443149487, 22.900000000000002
1619443149487, 22.900000000000002
1619443149526, 22.900000000000002
1619443149526, 22.900000000000002
1619443149526, 22.900000000000002
1619443149563, 23
1619443149563, 23
1619443149563, 23
1619443149600, 23
1619443149600, 23
1619443149600, 23
1619443149638, 23
1619443149638, 23
1619443149678, 23
1619443149678, 23
1619443149678, 23
1619443149678, 23
1619443149715, 23.1
1619443149715, 23.1
1619443149715, 23.2
1619443149752, 23.2
1619443149752, 23.2
1619443149752, 23.3
1619443149790, 23.3
1619443149790, 23.3
1619443149790, 23.400000000000002
1619443149827, 23.400000000000002
1619443149827, 23.400000000000002
1619443149827, 23.400000000000002
1619443149864, 23.400000000000002
1619443149864, 23.3
1619443149864, 23.3
1619443149902, 23.2
1619443149902, 23.1
1619443149902, 23
1619443149939, 23
1619443149939, 22.900000000000002
1619443149939, 22.900000000000002
1619443149939, 23
1619443149976, 23
1619443149976, 23.1
1619443150012, 23.1
1619443150012, 23.2
1619443150012, 23.2
1619443150049, 23.3
1619443150049, 23.3
1619443150049, 23.3
1619443150049, 23.3
1619443150089, 23.3
1619443150089, 23.2
1619443150125, 23.2
1619443150125, 23.2
1619443150125, 23.2
1619443150162, 23.1
1619443150162, 23.1
1619443150162, 23
1619443150162, 23
1619443150203, 22.900000000000002
1619443150203, 22.8
1619443150203, 22.7
1619443150240, 22.6
1619443150240, 22.400000000000002
1619443150277, 22.3
1619443150277, 22.2
1619443150277, 22.1
1619443150277, 22
1619443150326, 22
1619443150326, 22
1619443150326, 22
1619443150368, 22
1619443150368, 22.1
1619443150368, 22.1
1619443150405, 22.1
1619443150405, 22.2
1619443150405, 22.2
1619443150405, 22.2
1619443150442, 22.2
1619443150442, 22.2
1619443150442, 22.3
1619443150479, 22.3
1619443150479, 22.400000000000002
1619443150479, 22.400000000000002
1619443150479, 22.5
1619443150516, 22.5
1619443150516, 22.5
1619443150555, 22.5
1619443150555, 22.6
1619443150555, 22.6
1619443150591, 22.6
1619443150591, 22.6
1619443150591, 22.6
1619443150591, 22.7
1619443150629, 22.6
1619443150629, 22.6
1619443150629, 22.6
1619443150666, 22.6
1619443150666, 22.6
1619443150705, 22.6
1619443150705, 22.5
1619443150705, 22.5
1619443150705, 22.5
1619443150746, 22.400000000000002
1619443150746, 22.400000000000002
1619443150746, 22.400000000000002
1619443150785, 22.5
1619443150785, 22.5
1619443150785, 22.6
1619443150821, 22.6
1619443150821, 22.6
1619443150821, 22.6
1619443150858, 22.6
1619443150858, 22.5
1619443150858, 22.5
1619443150858, 22.5
1619443150896, 22.5
1619443150896, 22.5
1619443150932, 22.6
1619443150932, 22.6
1619443150932, 22.6
1619443150970, 22.6
1619443150970, 22.6
1619443150970, 22.7
1619443150970, 22.7
1619443151007, 22.8
1619443151007, 22.8
1619443151044, 22.900000000000002
1619443151045, 22.900000000000002
1619443151045, 23
1619443151081, 23
1619443151081, 23.1
1619443151081, 23.1
1619443151120, 23.2
1619443151120, 23.3
1619443151120, 23.400000000000002
1619443151120, 23.400000000000002
1619443151157, 23.5
1619443151157, 23.5
1619443151197, 23.5
1619443151197, 23.6
1619443151197, 23.6
1619443151234, 23.6
1619443151234, 23.5
1619443151234, 23.5
1619443151234, 23.5
1619443151273, 23.400000000000002
1619443151273, 23.400000000000002
1619443151273, 23.400000000000002
1619443151310, 23.400000000000002
1619443151310, 23.400000000000002
1619443151310, 23.3
1619443151347, 23.3
1619443151347, 23.2
1619443151347, 23.1
1619443151385, 23
1619443151385, 23
1619443151385, 22.900000000000002
1619443151424, 22.900000000000002
1619443151424, 22.900000000000002
1619443151424, 22.900000000000002
1619443151460, 23
1619443151460, 23
1619443151460, 23
1619443151498, 23.1
1619443151498, 23.1
1619443151498, 23.1
1619443151498, 23.2
1619443151548, 23.2
1619443151548, 23.2
1619443151591, 23.2
1619443151591, 23.2
1619443151591, 23.1
1619443151629, 23.1
1619443151629, 23.1
1619443151629, 23.1
1619443151629, 23.2
1619443151665, 23.2
1619443151665, 23.2
1619443151665, 23.2
1619443151665, 23.2
1619443151704, 23.2
1619443151704, 23.2
1619443151704, 23.2
1619443151741, 23.2
1619443151741, 23.2
1619443151741, 23.2
1619443151780, 23.3
1619443151781, 23.3
1619443151781, 23.400000000000002
1619443151817, 23.5
1619443151817, 23.5
1619443151817, 23.6
1619443151855, 23.6
1619443151855, 23.6
1619443151855, 23.6
1619443151891, 23.6
1619443151891, 23.5
1619443151891, 23.5
1619443151928, 23.5
1619443151928, 23.5
1619443151928, 23.6
1619443151928, 23.6
1619443151966, 23.6
1619443151966, 23.6
1619443152004, 23.6
1619443152004, 23.6
1619443152004, 23.6
1619443152040, 23.7
1619443152040, 23.7
1619443152040, 23.8
1619443152040, 23.900000000000002
1619443152077, 24.1
1619443152077, 24.2
1619443152077, 24.400000000000002
1619443152116, 24.6
1619443152116, 24.8
1619443152153, 25
1619443152153, 25.1
1619443152153, 25.2
1619443152153, 25.2
1619443152193, 25.2
1619443152193, 25.1
1619443152193, 25
1619443152231, 24.900000000000002
1619443152231, 24.7
1619443152268, 24.6
1619443152268, 24.400000000000002
1619443152268, 24.3
1619443152268, 24.3
1619443152306, 24.2
1619443152306, 24.2
1619443152306, 24.2
1619443152343, 24.2
1619443152343, 24.3
1619443152343, 24.3
1619443152382, 24.3
1619443152382, 24.2
1619443152382, 24.2
1619443152421, 24.2
1619443152421, 24.1
1619443152421, 24
1619443152421, 23.900000000000002
1619443152457, 23.8
1619443152457, 23.7
1619443152495, 23.6
1619443152495, 23.5
1619443152495, 23.5
1619443152532, 23.5
1619443152532, 23.5
1619443152532, 23.5
1619443152532, 23.6
1619443152571, 23.7
1619443152571, 23.900000000000002
1619443152571, 24
1619443152609, 24.1
1619443152609, 24.2
1619443152646, 24.2
1619443152646, 24.2
1619443152646, 24.2
1619443152696, 24.1
1619443152696, 23.900000000000002
1619443152696, 23.8
1619443152696, 23.7
1619443152739, 23.5
1619443152739, 23.5
1619443152739, 23.400000000000002
1619443152776, 23.400000000000002
1619443152776, 23.400000000000002
1619443152776, 23.3
1619443152776, 23.3
1619443152813, 23.3
1619443152813, 23.3
1619443152813, 23.2
1619443152849, 23.2
1619443152849, 23.1
1619443152849, 23
1619443152849, 23
1619443152888, 22.900000000000002
1619443152888, 23
1619443152926, 23
1619443152926, 23.1
1619443152926, 23.2
1619443152963, 23.400000000000002
1619443152963, 23.5
1619443152963, 23.6
1619443152963, 23.7
1619443153001, 23.7
1619443153001, 23.7
1619443153001, 23.7
1619443153039, 23.7
1619443153039, 23.7
1619443153039, 23.6
1619443153075, 23.6
1619443153075, 23.6
1619443153111, 23.6
1619443153111, 23.5
1619443153111, 23.400000000000002
1619443153111, 23.3
1619443153148, 23.3
1619443153148, 23.3
1619443153148, 23.3
1619443153185, 23.400000000000002
1619443153185, 23.400000000000002
1619443153221, 23.400000000000002
1619443153221, 23.400000000000002
1619443153221, 23.400000000000002
1619443153221, 23.400000000000002
1619443153258, 23.3
1619443153258, 23.3
1619443153258, 23.2
1619443153294, 23.2
1619443153294, 23.2
1619443153331, 23.3
1619443153331, 23.400000000000002
1619443153331, 23.5
1619443153331, 23.6
1619443153370, 23.8
1619443153370, 23.900000000000002
1619443153370, 24
1619443153407, 24
1619443153407, 24.1
1619443153443, 24.1
1619443153443, 24.1
1619443153443, 24.1
1619443153443, 24.1
1619443153479, 24.2
1619443153479, 24.2
1619443153479, 24.3
1619443153514, 24.400000000000002
1619443153514, 24.400000000000002
1619443153514, 24.400000000000002
1619443153551, 24.400000000000002
1619443153551, 24.3
1619443153551, 24.2
1619443153590, 24
1619443153591, 23.900000000000002
1619443153591, 23.7
1619443153629, 23.6
1619443153629, 23.400000000000002
1619443153667, 23.3
1619443153667, 23.2
1619443153667, 23.2
1619443153706, 23.2
1619443153706, 23.2
1619443153706, 23.2
1619443153706, 23.3
1619443153742, 23.3
1619443153742, 23.400000000000002
1619443153742, 23.400000000000002
1619443153780, 23.400000000000002
1619443153780, 23.400000000000002
1619443153780, 23.400000000000002
1619443153818, 23.5
1619443153818, 23.5
1619443153818, 23.6
1619443153855, 23.7
1619443153855, 23.8
1619443153855, 23.900000000000002
1619443153891, 23.900000000000002
1619443153891, 24
1619443153891, 24
1619443153929, 24
1619443153929, 23.900000000000002
1619443153929, 23.8
1619443153968, 23.7
1619443153968, 23.5
1619443153968, 23.3
1619443154005, 23.1
1619443154005, 22.900000000000002
1619443154005, 22.7
1619443154043, 22.5
1619443154043, 22.400000000000002
1619443154043, 22.3
1619443154092, 22.2
1619443154092, 22.2
1619443154092, 22.2
1619443154132, 22.2
1619443154132, 22.1
1619443154132, 22.1
1619443154132, 22.1
1619443154169, 22.2
1619443154169, 22.3
1619443154169, 22.5
1619443154206, 22.6
1619443154206, 22.7
1619443154206, 22.8
1619443154243, 22.8
1619443154243, 22.900000000000002
1619443154243, 22.900000000000002
1619443154243, 22.900000000000002
1619443154280, 22.900000000000002
1619443154280, 22.900000000000002
1619443154280, 22.900000000000002
1619443154318, 22.8
1619443154318, 22.7
1619443154355, 22.6
1619443154355, 22.5
1619443154355, 22.400000000000002
1619443154355, 22.3
1619443154393, 22.3
1619443154393, 22.2
1619443154393, 22.2
1619443154428, 22.3
1619443154428, 22.3
1619443154428, 22.400000000000002
1619443154466, 22.400000000000002
1619443154466, 22.5
1619443154466, 22.5
1619443154503, 22.6
1619443154503, 22.7
1619443154541, 22.7
1619443154541, 22.8
1619443154541, 22.8
1619443154541, 22.900000000000002
1619443154580, 22.900000000000002
1619443154580, 22.8
1619443154580, 22.8
1619443154618, 22.7
1619443154618, 22.7
1619443154618, 22.6
1619443154655, 22.5
1619443154655, 22.400000000000002
1619443154655, 22.3
1619443154693, 22.2
1619443154693, 22
1619443154693, 21.900000000000002
1619443154730, 21.7
1619443154730, 21.400000000000002
1619443154730, 21.2
1619443154730, 20.900000000000002
1619443154768, 20.6
1619443154768, 20.3
1619443154806, 20.1
1619443154806, 19.900000000000002
1619443154806, 19.7
1619443154843, 19.6
1619443154843, 19.400000000000002
1619443154843, 19.3
1619443154843, 19.1
1619443154881, 19
1619443154881, 18.8
1619443154881, 18.6
1619443154918, 18.3
1619443154955, 18
1619443154955, 17.6
1619443154955, 17.3
1619443154955, 16.9
1619443154992, 16.5
1619443154992, 16.2
1619443154992, 15.8
1619443154992, 15.4
1619443155031, 15
1619443155031, 14.700000000000001
1619443155068, 14.4
1619443155068, 14.200000000000001
1619443155068, 14
1619443155105, 13.8
1619443155105, 13.700000000000001
1619443155105, 13.6
1619443155105, 13.5
1619443155143, 13.4
1619443155143, 13.200000000000001
1619443155143, 13
1619443155180, 12.700000000000001
1619443155180, 12.4
1619443155180, 12.1
1619443155220, 11.8
1619443155220, 11.5
1619443155220, 11.200000000000001
1619443155258, 11
1619443155258, 10.8
1619443155258, 10.700000000000001
1619443155296, 10.5
1619443155296, 10.3
1619443155296, 10.1
1619443155345, 9.9
1619443155345, 9.700000000000001
1619443155345, 9.6
1619443155388, 9.4
1619443155388, 9.3
1619443155388, 9.200000000000001
1619443155388, 9.200000000000001
1619443155425, 9.1
1619443155425, 9.1
1619443155425, 9.1
1619443155425, 9.1
1619443155461, 9.1
1619443155461, 9.1
1619443155461, 9.1
1619443155497, 9.200000000000001
1619443155497, 9.200000000000001
1619443155497, 9.3
1619443155534, 9.4
1619443155534, 9.6
1619443155534, 9.700000000000001
1619443155572, 9.9
1619443155572, 10.1
1619443155572, 10.200000000000001
1619443155608, 10.4
1619443155608, 10.5
1619443155608, 10.6
1619443155645, 10.6
1619443155645, 10.5
1619443155646, 10.5
1619443155685, 10.5
1619443155685, 10.3
1619443155685, 10.200000000000001
1619443155725, 10
1619443155725, 9.8
1619443155725, 9.700000000000001
1619443155761, 9.700000000000001
1619443155761, 9.700000000000001
1619443155761, 9.700000000000001
1619443155799, 9.700000000000001
1619443155799, 9.700000000000001
1619443155799, 9.6
1619443155799, 9.3
1619443155838, 9
1619443155838, 8.700000000000001
1619443155874, 8.3
1619443155874, 7.9
1619443155874, 7.5
1619443155910, 7.1000000000000005
1619443155910, 6.7
1619443155910, 6.4
1619443155910, 6.2
1619443155949, 6
1619443155949, 5.9
1619443155949, 5.8
1619443155988, 5.8
1619443156025, 5.7
1619443156025, 5.8
1619443156025, 5.8
1619443156025, 5.9
1619443156025, 6
1619443156062, 6.2
1619443156062, 6.3
1619443156062, 6.5
1619443156098, 6.7
1619443156098, 7
1619443156098, 7.2
1619443156135, 7.4
1619443156135, 7.5
1619443156135, 7.6000000000000005
1619443156172, 7.8
1619443156172, 7.8
1619443156172, 7.9
1619443156211, 8
1619443156211, 8.1
1619443156211, 8.2
1619443156248, 8.3
1619443156248, 8.4
1619443156290, 8.6
1619443156290, 8.8
1619443156290, 9.1
1619443156290, 9.4
1619443156328, 9.700000000000001
1619443156328, 10.1
1619443156328, 10.4
1619443156366, 10.700000000000001
1619443156366, 11
1619443156366, 11.200000000000001
1619443156404, 11.4
1619443156404, 11.6
1619443156404, 11.700000000000001
1619443156443, 12
1619443156443, 12.3
1619443156443, 12.6
1619443156443, 13
1619443156480, 13.4
1619443156480, 13.700000000000001
1619443156480, 14.1
1619443156519, 14.4
1619443156519, 14.700000000000001
1619443156519, 14.9
1619443156556, 15.200000000000001
1619443156556, 15.4
1619443156556, 15.700000000000001
1619443156592, 15.9
1619443156592, 16.2
1619443156592, 16.4
1619443156629, 16.6
1619443156629, 16.7
1619443156629, 16.8
1619443156666, 16.9
1619443156666, 17
1619443156666, 17.1
1619443156716, 17.2
1619443156716, 17.3
1619443156716, 17.400000000000002
1619443156761, 17.5
1619443156761, 17.6
1619443156761, 17.6
1619443156798, 17.6
1619443156798, 17.6
1619443156798, 17.6
1619443156798, 17.7
1619443156836, 17.7
1619443156836, 17.8
1619443156836, 17.900000000000002
1619443156873, 18.1
1619443156873, 18.2
1619443156873, 18.400000000000002
1619443156873, 18.6
1619443156911, 18.7
1619443156911, 18.900000000000002
1619443156911, 18.900000000000002
1619443156950, 18.900000000000002
1619443156950, 18.900000000000002
1619443156950, 18.900000000000002
1619443156988, 18.900000000000002
1619443156988, 18.8
1619443156988, 18.8
1619443157023, 18.7
1619443157023, 18.7
1619443157023, 18.6
1619443157060, 18.6
1619443157060, 18.6
1619443157060, 18.7
1619443157098, 18.7
1619443157098, 18.8
1619443157098, 18.900000000000002
1619443157136, 19
1619443157136, 19.1
1619443157136, 19.1
1619443157174, 19.1
1619443157174, 19.1
1619443157174, 19.1
1619443157211, 19.1
1619443157211, 19.1
1619443157211, 19.1
1619443157211, 19.1
1619443157248, 19.1
1619443157248, 19.1
1619443157248, 19.1
1619443157285, 19.1
1619443157285, 19.1
1619443157322, 19.1
1619443157322, 19.2
1619443157322, 19.2
1619443157359, 19.2
1619443157359, 19.1
1619443157359, 19.1
1619443157359, 19
1619443157397, 18.900000000000002
1619443157397, 18.8
1619443157434, 18.7
1619443157434, 18.6
1619443157434, 18.5
1619443157471, 18.400000000000002
1619443157471, 18.400000000000002
1619443157471, 18.3
1619443157471, 18.3
1619443157508, 18.2
1619443157508, 18.1
1619443157508, 18.1
1619443157544, 18
1619443157544, 18
1619443157581, 18
1619443157581, 18
1619443157581, 18
1619443157581, 18
1619443157619, 17.900000000000002
1619443157619, 17.900000000000002
1619443157619, 17.900000000000002
1619443157658, 17.7
1619443157658, 17.6
1619443157695, 17.400000000000002
1619443157695, 17.3
1619443157695, 17.1
1619443157732, 17
1619443157732, 16.9
1619443157732, 16.8
1619443157732, 16.8
1619443157769, 16.8
1619443157769, 16.8
1619443157769, 16.8
1619443157807, 16.9
1619443157807, 17
1619443157844, 17.2
1619443157844, 17.3
1619443157844, 17.400000000000002
1619443157844, 17.5
1619443157881, 17.6
1619443157881, 17.7
1619443157881, 17.7
1619443157917, 17.7
1619443157917, 17.7
1619443157917, 17.6
1619443157955, 17.6
1619443157955, 17.5
1619443157955, 17.5
1619443157992, 17.5
1619443157992, 17.5
1619443157992, 17.5
1619443158029, 17.6
1619443158029, 17.6
1619443158029, 17.7
1619443158068, 17.7
1619443158068, 17.8
1619443158068, 17.8
1619443158107, 17.7
1619443158107, 17.7
1619443158107, 17.6
1619443158145, 17.6
1619443158145, 17.5
1619443158145, 17.400000000000002
1619443158184, 17.3
1619443158184, 17.3
1619443158184, 17.2
1619443158223, 17.1
1619443158223, 17.1
1619443158223, 17.1
1619443158223, 17.1
1619443158262, 17.1
1619443158262, 17.1
1619443158262, 17.1
1619443158299, 17.1
1619443158299, 17.1
1619443158338, 17.1
1619443158338, 17.1
1619443158338, 17
1619443158338, 16.9
1619443158376, 16.8
1619443158376, 16.6
1619443158376, 16.4
1619443158414, 16.2
1619443158414, 16
1619443158414, 15.8
1619443158451, 15.700000000000001
1619443158451, 15.6
1619443158451, 15.4
1619443158502, 15.3
1619443158502, 15.3
1619443158502, 15.200000000000001
1619443158502, 15.1
1619443158545, 15
1619443158545, 14.9
1619443158582, 14.9
1619443158582, 14.9
1619443158582, 14.9
1619443158582, 14.9
1619443158619, 14.9
1619443158619, 14.8
1619443158619, 14.700000000000001
1619443158619, 14.5
1619443158658, 14.4
1619443158658, 14.3
1619443158658, 14.200000000000001
1619443158695, 14
1619443158695, 13.9
1619443158695, 13.8
1619443158734, 13.700000000000001
1619443158734, 13.700000000000001
1619443158734, 13.6
1619443158772, 13.5
1619443158772, 13.4
1619443158772, 13.3
1619443158808, 13.200000000000001
1619443158808, 13.200000000000001
1619443158808, 13.200000000000001
1619443158808, 13.1
1619443158846, 13
1619443158846, 12.9
1619443158884, 12.8
1619443158884, 12.700000000000001
1619443158884, 12.700000000000001
1619443158921, 12.6
1619443158921, 12.6
1619443158921, 12.6
1619443158921, 12.6
1619443158958, 12.6
1619443158958, 12.6
1619443158958, 12.6
1619443158996, 12.5
1619443158996, 12.5
1619443159032, 12.4
1619443159032, 12.3
1619443159032, 12.200000000000001
1619443159032, 12.1
1619443159069, 12
1619443159070, 11.8
1619443159070, 11.700000000000001
1619443159107, 11.6
1619443159107, 11.5
1619443159145, 11.4
1619443159145, 11.200000000000001
1619443159145, 11.1
1619443159183, 11
1619443159183, 10.9
1619443159183, 10.700000000000001
1619443159183, 10.6
1619443159223, 10.5
1619443159223, 10.3
1619443159223, 10.200000000000001
1619443159259, 10.1
1619443159259, 10
1619443159259, 10
1619443159296, 10.1
1619443159296, 10.200000000000001
1619443159296, 10.3
1619443159333, 10.4
1619443159333, 10.5
1619443159333, 10.6
1619443159370, 10.6
1619443159370, 10.6
1619443159370, 10.6
1619443159407, 10.4
1619443159407, 10.200000000000001
1619443159407, 10
1619443159444, 9.8
1619443159444, 9.5
1619443159444, 9.3
1619443159481, 9
1619443159481, 8.8
1619443159481, 8.5
1619443159522, 8.3
1619443159522, 8.1
1619443159522, 8
1619443159559, 7.8
1619443159559, 7.6000000000000005
1619443159559, 7.4
1619443159598, 7.2
1619443159598, 6.9
1619443159598, 6.6000000000000005
1619443159637, 6.2
1619443159637, 5.7
1619443159637, 5.2
1619443159675, 4.8
1619443159675, 4.4
1619443159675, 4
1619443159675, 3.7
1619443159713, 3.5
1619443159713, 3.3000000000000003
1619443159713, 3.2
1619443159750, 3.1
1619443159750, 3
1619443159750, 0
1619443159790, 0
1619443160445, 3.3000000000000003
1619443160484, 3.7
1619443160484, 4.2
1619443160484, 4.7
1619443160522, 5.2
1619443160522, 5.7
1619443160522, 6.2
1619443160560, 6.7
1619443160560, 7.1000000000000005
1619443160560, 7.5
1619443160598, 7.9
1619443160598, 8.2
1619443160598, 8.3
1619443160638, 8.4
1619443160638, 8.4
1619443160638, 8.4
1619443160676, 8.5
1619443160676, 8.6
1619443160676, 8.8
1619443160712, 9.1
1619443160712, 9.4
1619443160712, 9.8
1619443160751, 10.200000000000001
1619443160751, 10.5
1619443160751, 10.9
1619443160751, 11.200000000000001
1619443160788, 11.5
1619443160788, 11.700000000000001
1619443160826, 11.9
1619443160826, 12
1619443160826, 12.1
1619443160863, 12.200000000000001
1619443160863, 12.3
1619443160863, 12.4
1619443160900, 12.4
1619443160900, 12.4
1619443160900, 12.5
1619443160900, 12.5
1619443160937, 12.6
1619443160937, 12.700000000000001
1619443160974, 12.8
1619443160974, 13
1619443160974, 13.3
1619443161012, 13.6
1619443161012, 13.9
1619443161012, 14.3
1619443161012, 14.700000000000001
1619443161050, 15.1
1619443161050, 15.4
1619443161090, 15.700000000000001
1619443161090, 15.9
1619443161090, 16
1619443161128, 16.1
1619443161128, 16.1
1619443161128, 16.1
1619443161128, 16.2
1619443161167, 16.3
1619443161167, 16.5
1619443161167, 16.7
1619443161207, 16.9
1619443161207, 17.1
1619443161207, 17.3
1619443161245, 17.400000000000002
1619443161245, 17.6
1619443161245, 17.7
1619443161282, 17.8
1619443161282, 17.8
1619443161282, 17.900000000000002
1619443161282, 18
1619443161323, 18
1619443161323, 18.1
1619443161323, 18.1
1619443161373, 18.1
1619443161373, 18.1
1619443161415, 18
1619443161415, 17.900000000000002
1619443161415, 17.8
1619443161415, 17.7
1619443161455, 17.6
1619443161455, 17.5
1619443161455, 17.400000000000002
1619443161455, 17.3
1619443161455, 17.1
1619443161492, 17
1619443161492, 17
1619443161492, 16.9
1619443161529, 16.9
1619443161529, 16.9
1619443161529, 16.8
1619443161565, 16.7
1619443161565, 16.7
1619443161604, 16.9
1619443161604, 17.1
1619443161604, 17.400000000000002
1619443161604, 17.5
1619443161643, 17.5
1619443161643, 17.2
1619443161643, 16.8
1619443161680, 16.4
1619443161680, 16.1
1619443161680, 16.1
1619443161718, 16
1619443161718, 16
1619443161718, 15.9
1619443161756, 15.700000000000001
1619443161756, 15.4
1619443161756, 15.200000000000001
1619443161795, 15
1619443161795, 14.700000000000001
1619443161795, 14.5
1619443161831, 14.200000000000001
1619443161831, 13.9
1619443161831, 13.6
1619443161870, 13.200000000000001
1619443161870, 13
1619443161870, 12.700000000000001
1619443161870, 12.6
1619443161906, 12.5
1619443161906, 12.4
1619443161943, 12.3
1619443161943, 12.1
1619443161943, 12.1
1619443161943, 12.1
1619443161979, 11.8
1619443161979, 11.4
1619443161979, 10.9
1619443162016, 10.3
1619443162016, 9.9
1619443162016, 9.5
1619443162055, 9
1619443162055, 8.6
1619443162094, 8.1
1619443162094, 7.6000000000000005
1619443162094, 7.2
1619443162094, 6.8
1619443162139, 6.6000000000000005
1619443162139, 6.4
1619443162139, 6.2
1619443162180, 6
1619443162180, 5.8
1619443162180, 5.6000000000000005
1619443162220, 5.5
1619443162220, 5.4
1619443162220, 5.3
1619443162261, 5.3
1619443162261, 5.2
1619443162261, 5
1619443162261, 4.9
1619443162303, 4.7
1619443162303, 4.6000000000000005
1619443162303, 4.4
1619443162349, 4.2
1619443162349, 4.1
1619443162386, 3.9
1619443162386, 3.7
1619443162386, 3.5
1619443162386, 3.2
1619443162423, 0
1619443162423, 0
1619443162834, 5.9
1619443162872, 4.8
1619443162908, 4.6000000000000005
1619443162908, 4.3
1619443162944, 4
1619443162944, 3.5
1619443162944, 3.1
1619443162982, 0
1619443162982, 0
1619443163020, 3
1619443163059, 3
1619443163096, 3.1
1619443163096, 3.4
1619443163096, 3.8000000000000003
1619443163134, 4.1
1619443163134, 4.5
1619443163134, 4.8
1619443163172, 5.2
1619443163172, 5.6000000000000005
1619443163172, 6.2
1619443163172, 6.7
1619443163212, 7.1000000000000005
1619443163212, 7.4
1619443163212, 7.6000000000000005
1619443163250, 7.8
1619443163250, 8.1
1619443163289, 8.4
1619443163289, 8.9
1619443163289, 9.4
1619443163326, 9.8
1619443163326, 10.1
1619443163326, 10.5
1619443163326, 10.9
1619443163362, 11.3
1619443163362, 11.700000000000001
1619443163362, 12.1
1619443163399, 12.3
1619443163399, 12.4
1619443163399, 12.6
1619443163435, 12.700000000000001
1619443163435, 12.700000000000001
1619443163435, 12.700000000000001
1619443163474, 12.700000000000001
1619443163474, 12.700000000000001
1619443163474, 12.700000000000001
1619443163512, 12.700000000000001
1619443163512, 12.700000000000001
1619443163512, 12.700000000000001
1619443163549, 12.700000000000001
1619443163549, 12.700000000000001
1619443163549, 12.8
1619443163587, 12.8
1619443163587, 12.9
1619443163587, 12.9
1619443163624, 12.9
1619443163624, 12.8
1619443163624, 12.9
1619443163660, 13
1619443163660, 13.1
1619443163660, 13.4
1619443163698, 13.6
1619443163698, 13.9
1619443163698, 14.1
1619443163698, 14.3
1619443163735, 14.5
1619443163735, 14.6
1619443163772, 14.700000000000001
1619443163772, 14.6
1619443163772, 14.6
1619443163809, 14.5
1619443163809, 14.4
1619443163809, 14.3
1619443163809, 14.200000000000001
1619443163846, 14.200000000000001
1619443163846, 14.1
1619443163883, 14
1619443163883, 13.9
1619443163883, 13.8
1619443163922, 13.6
1619443163922, 13.5
1619443163922, 13.4
1619443163922, 13.4
1619443163960, 13.4
1619443163960, 13.5
1619443163997, 13.5
1619443163997, 13.5
1619443163997, 13.4
1619443164035, 13.3
1619443164035, 13.3
1619443164035, 13.200000000000001
1619443164035, 13.1
1619443164073, 13.1
1619443164073, 13.1
1619443164073, 13.1
1619443164123, 13.200000000000001
1619443164123, 13.200000000000001
1619443164123, 13.3
1619443164165, 13.3
1619443164165, 13.3
1619443164165, 13.3
1619443164203, 13.200000000000001
1619443164203, 13.1
1619443164203, 13.1
1619443164203, 13
1619443164240, 13
1619443164240, 13
1619443164240, 13
1619443164240, 13.1
1619443164277, 13.1
1619443164277, 13.1
1619443164277, 13.200000000000001
1619443164314, 13.3
1619443164314, 13.4
1619443164351, 13.6
1619443164351, 13.700000000000001
1619443164351, 13.8
1619443164351, 13.9
1619443164390, 13.9
1619443164390, 13.9
1619443164390, 13.9
1619443164428, 13.8
1619443164428, 13.8
1619443164464, 13.9
1619443164464, 14.1
1619443164464, 14.3
1619443164464, 14.5
1619443164501, 14.700000000000001
1619443164501, 15
1619443164501, 15.3
1619443164541, 15.5
1619443164541, 15.700000000000001
1619443164541, 15.8
1619443164580, 15.9
1619443164580, 16.1
1619443164619, 16.2
1619443164619, 16.2
1619443164619, 16.1
1619443164619, 16
1619443164656, 15.9
1619443164656, 15.8
1619443164656, 15.8
1619443164693, 15.700000000000001
1619443164693, 15.700000000000001
1619443164693, 15.6
1619443164730, 15.5
1619443164730, 15.4
1619443164730, 15.4
1619443164767, 15.5
1619443164767, 15.5
1619443164767, 15.6
1619443164807, 15.700000000000001
1619443164807, 15.8
1619443164807, 15.9
1619443164848, 16
1619443164848, 16
1619443164848, 16
1619443164886, 16
1619443164886, 15.9
1619443164886, 15.8
1619443164886, 15.700000000000001
1619443164924, 15.6
1619443164924, 15.6
1619443164924, 15.5
1619443164961, 15.4
1619443164962, 15.3
1619443164962, 15.3
1619443164998, 15.200000000000001
1619443164998, 15.200000000000001
1619443164998, 15.200000000000001
1619443165037, 15.3
1619443165037, 15.3
1619443165037, 15.4
1619443165077, 15.4
1619443165077, 15.5
1619443165077, 15.6
1619443165114, 15.6
1619443165114, 15.6
1619443165114, 15.700000000000001
1619443165151, 15.700000000000001
1619443165151, 15.700000000000001
1619443165151, 15.700000000000001
1619443165190, 15.700000000000001
1619443165190, 15.8
1619443165190, 15.8
1619443165190, 15.9
1619443165227, 16.1
1619443165227, 16.3
1619443165266, 16.5
1619443165266, 16.8
1619443165266, 17
1619443165266, 17.2
1619443165308, 17.400000000000002
1619443165308, 17.400000000000002
1619443165308, 17.400000000000002
1619443165345, 17.400000000000002
1619443165345, 17.400000000000002
1619443165382, 17.3
1619443165382, 17.3
1619443165382, 17.3
1619443165382, 17.3
1619443165420, 17.3
1619443165420, 17.2
1619443165420, 17.1
1619443165420, 16.9
1619443165466, 16.7
1619443165466, 16.6
1619443165508, 16.7
1619443165508, 16.9
1619443165508, 17.2
1619443165545, 17.8
1619443165545, 18.400000000000002
1619443165545, 19
1619443165545, 19.6
1619443165584, 20.2
1619443165584, 20.6
1619443165584, 20.900000000000002
1619443165584, 21.2
1619443165622, 21.3
1619443165622, 21.400000000000002
1619443165622, 21.3
1619443165660, 21.3
1619443165660, 21.1
1619443165660, 21
1619443165698, 20.900000000000002
1619443165698, 20.7
1619443165698, 20.6
1619443165738, 20.400000000000002
1619443165738, 20.2
1619443165738, 20
1619443165775, 19.7
1619443165775, 19.400000000000002
1619443165775, 19.2
1619443165812, 19
1619443165812, 18.8
1619443165812, 18.7
1619443165850, 18.6
1619443165850, 18.6
1619443165850, 18.6
1619443165850, 18.7
1619443165890, 18.8
1619443165890, 19
1619443165929, 19.1
1619443165929, 19.400000000000002
1619443165929, 19.6
1619443165980, 19.8
1619443165980, 20
1619443165980, 20.2
1619443165980, 20.3
1619443166022, 20.400000000000002
1619443166022, 20.400000000000002
1619443166022, 20.5
1619443166059, 20.5
1619443166059, 20.5
1619443166059, 20.400000000000002
1619443166059, 20.3
1619443166098, 20.1
1619443166098, 20
1619443166098, 19.8
1619443166137, 19.6
1619443166137, 19.400000000000002
1619443166137, 19.3
1619443166174, 19.3
1619443166174, 19.3
1619443166174, 19.400000000000002
1619443166174, 19.6
1619443166213, 19.8
1619443166213, 20
1619443166213, 20.2
1619443166251, 20.400000000000002
1619443166251, 20.5
1619443166251, 20.7
1619443166289, 20.8
1619443166289, 20.900000000000002
1619443166289, 20.900000000000002
1619443166331, 21
1619443166331, 21
1619443166331, 21.1
1619443166369, 21
1619443166369, 21
1619443166369, 20.900000000000002
1619443166407, 20.7
1619443166407, 20.6
1619443166407, 20.5
1619443166446, 20.3
1619443166446, 20.2
1619443166446, 20.1
1619443166446, 19.900000000000002
1619443166485, 19.8
1619443166485, 19.6
1619443166485, 19.400000000000002
1619443166524, 19.2
1619443166524, 19
1619443166524, 18.900000000000002
1619443166560, 18.7
1619443166560, 18.6
1619443166560, 18.5
1619443166597, 18.400000000000002
1619443166597, 18.400000000000002
1619443166597, 18.400000000000002
1619443166597, 18.5
1619443166636, 18.6
1619443166636, 18.7
1619443166677, 18.8
1619443166677, 18.8
1619443166677, 18.8
1619443166715, 18.900000000000002
1619443166715, 19
1619443166715, 19
1619443166715, 19.1
1619443166753, 19
1619443166753, 19
1619443166753, 18.900000000000002
1619443166791, 18.8
1619443166791, 18.8
1619443166791, 18.7
1619443166828, 18.7
1619443166828, 18.7
1619443166828, 18.7
1619443166866, 18.7
1619443166866, 18.7
1619443166866, 18.7
1619443166905, 18.8
1619443166905, 18.8
1619443166905, 18.900000000000002
1619443166942, 19
1619443166942, 19.1
1619443166942, 19.1
1619443166979, 19.1
1619443166979, 19.1
1619443166979, 19.1
1619443166979, 19.1
1619443167017, 19
1619443167055, 18.900000000000002
1619443167055, 18.8
1619443167055, 18.7
1619443167055, 18.7
1619443167092, 18.6
1619443167092, 18.6
1619443167092, 18.5
1619443167092, 18.5
1619443167130, 18.5
1619443167130, 18.6
1619443167130, 18.6
1619443167182, 18.7
1619443167182, 18.8
1619443167225, 18.8
1619443167225, 18.8
1619443167225, 18.7
1619443167225, 18.6
1619443167263, 18.6
1619443167263, 18.5
1619443167263, 18.400000000000002
1619443167263, 18.3
1619443167300, 18.2
1619443167300, 18.2
1619443167300, 18.1
1619443167300, 18
1619443167340, 18
1619443167340, 18
1619443167340, 18
1619443167378, 18
1619443167378, 18
1619443167415, 18
1619443167415, 18
1619443167415, 18
1619443167415, 18
1619443167454, 18
1619443167454, 18
1619443167454, 18.1
1619443167492, 18.2
1619443167492, 18.2
1619443167492, 18.3
1619443167529, 18.400000000000002
1619443167529, 18.5
1619443167529, 18.5
1619443167567, 18.7
1619443167567, 18.8
1619443167567, 18.900000000000002
1619443167606, 19
1619443167606, 19.2
1619443167606, 19.3
1619443167642, 19.3
1619443167642, 19.400000000000002
1619443167642, 19.3
1619443167680, 19.3
1619443167680, 19.2
1619443167680, 19.1
1619443167680, 19.1
1619443167720, 19
1619443167720, 18.900000000000002
1619443167757, 18.6
1619443167757, 18.400000000000002
1619443167757, 18.2
1619443167794, 18
1619443167794, 17.900000000000002
1619443167794, 17.8
1619443167794, 17.6
1619443167832, 17.400000000000002
1619443167832, 17.2
1619443167832, 17
1619443167870, 16.8
1619443167871, 16.6
1619443167871, 16.4
1619443167910, 16.3
1619443167910, 16.1
1619443167948, 16
1619443167948, 15.9
1619443167948, 15.8
1619443167948, 15.700000000000001
1619443167987, 15.700000000000001
1619443167987, 15.700000000000001
1619443167987, 15.6
1619443168025, 15.6
1619443168025, 15.5
1619443168025, 15.4
1619443168062, 15.4
1619443168062, 15.3
1619443168062, 15.3
1619443168062, 15.200000000000001
1619443168099, 15.200000000000001
1619443168099, 15.1
1619443168099, 14.9
1619443168138, 14.8
1619443168138, 14.6
1619443168175, 14.5
1619443168175, 14.4
1619443168175, 14.3
1619443168225, 14.4
1619443168225, 14.4
1619443168225, 14.5
1619443168225, 14.5
1619443168269, 14.5
1619443168269, 14.5
1619443168269, 14.6
1619443168307, 14.6
1619443168307, 14.6
1619443168307, 14.6
1619443168307, 14.6
1619443168344, 14.5
1619443168344, 14.4
1619443168344, 14.3
1619443168380, 14.200000000000001
1619443168380, 14.1
1619443168380, 13.9
1619443168380, 13.8
1619443168419, 13.6
1619443168419, 13.5
1619443168419, 13.3
1619443168457, 13.200000000000001
1619443168457, 13.200000000000001
1619443168496, 13.1
1619443168496, 13.1
1619443168496, 13.1
1619443168496, 13.1
1619443168533, 13.200000000000001
1619443168533, 13.200000000000001
1619443168533, 13.200000000000001
1619443168570, 13.200000000000001
1619443168570, 13.200000000000001
1619443168570, 13.200000000000001
1619443168608, 13.200000000000001
1619443168608, 13.1
1619443168608, 13.1
1619443168644, 13
1619443168644, 12.9
1619443168644, 12.8
1619443168683, 12.700000000000001
1619443168683, 12.6
1619443168683, 12.5
1619443168720, 12.4
1619443168720, 12.3
1619443168720, 12.200000000000001
1619443168757, 12.200000000000001
1619443168757, 12.200000000000001
1619443168757, 12.200000000000001
1619443168794, 12.200000000000001
1619443168794, 12.3
1619443168794, 12.3
1619443168832, 12.4
1619443168832, 12.4
1619443168832, 12.4
1619443168871, 12.4
1619443168871, 12.4
1619443168871, 12.4
1619443168909, 12.3
1619443168909, 12.3
1619443168909, 12.200000000000001
1619443168947, 12.200000000000001
1619443168947, 12.1
1619443168947, 12.1
1619443168985, 12
1619443168985, 11.9
1619443168985, 11.9
1619443169022, 11.8
1619443169022, 11.8
1619443169022, 11.8
1619443169022, 11.8
1619443169061, 11.8
1619443169061, 11.8
1619443169061, 11.8
1619443169099, 11.9
1619443169099, 11.9
1619443169138, 11.9
1619443169138, 11.9
1619443169138, 11.9
1619443169138, 11.9
1619443169174, 11.9
1619443169174, 11.9
1619443169174, 11.8
1619443169211, 11.8
1619443169211, 11.700000000000001
1619443169249, 11.700000000000001
1619443169249, 11.6
1619443169249, 11.6
1619443169249, 11.5
1619443169287, 11.5
1619443169287, 11.4
1619443169287, 11.3
1619443169325, 11.200000000000001
1619443169325, 11.1
1619443169325, 11
1619443169363, 10.9
1619443169363, 10.9
1619443169363, 10.8
1619443169400, 10.700000000000001
1619443169400, 10.700000000000001
1619443169400, 10.6
1619443169400, 10.6
1619443169438, 10.5
1619443169438, 10.5
1619443169475, 10.4
1619443169475, 10.4
1619443169475, 10.3
1619443169512, 10.3
1619443169512, 10.200000000000001
1619443169512, 10.200000000000001
1619443169512, 10.1
1619443169550, 10
1619443169550, 10
1619443169550, 9.9
1619443169588, 9.9
1619443169588, 9.8
1619443169626, 9.8
1619443169626, 9.700000000000001
1619443169626, 9.700000000000001
1619443169664, 9.700000000000001
1619443169664, 9.700000000000001
1619443169664, 9.700000000000001
1619443169664, 9.700000000000001
1619443169706, 9.700000000000001
1619443169706, 9.700000000000001
1619443169706, 9.700000000000001
1619443169755, 9.6
1619443169755, 9.6
1619443169755, 9.5
1619443169799, 9.3
1619443169799, 9.200000000000001
1619443169799, 9
1619443169799, 8.9
1619443169837, 8.9
1619443169837, 8.9
1619443169837, 8.6
1619443169837, 8.4
1619443169874, 8.2
1619443169874, 8
1619443169874, 7.9
1619443169912, 7.9
1619443169912, 7.8
1619443169912, 7.8
1619443169950, 7.9
1619443169950, 8
1619443169950, 8.1
1619443169991, 8.2
1619443169991, 8.3
1619443169991, 8.4
1619443170030, 8.6
1619443170030, 8.700000000000001
1619443170030, 8.8
1619443170068, 8.9
1619443170068, 8.9
1619443170068, 9
1619443170105, 9
1619443170105, 8.9
1619443170105, 8.8
1619443170105, 8.700000000000001
1619443170144, 8.5
1619443170144, 8.4
1619443170144, 8.2
1619443170183, 8.1
1619443170183, 8
1619443170183, 7.9
1619443170222, 7.9
1619443170222, 7.9
1619443170222, 7.9
1619443170262, 8
1619443170262, 8.1
1619443170262, 8.2
1619443170262, 8.3
1619443170300, 8.3
1619443170300, 8.4
1619443170339, 8.5
1619443170339, 8.5
1619443170339, 8.5
1619443170376, 8.5
1619443170376, 8.5
1619443170376, 8.4
1619443170376, 8.4
1619443170414, 8.3
1619443170414, 8.2
1619443170414, 8.1
1619443170453, 8.1
1619443170453, 8
1619443170453, 8
1619443170492, 8
1619443170492, 7.9
1619443170492, 7.9
1619443170529, 7.8
1619443170529, 7.8
1619443170529, 7.7
1619443170529, 7.7
1619443170568, 7.6000000000000005
1619443170568, 7.6000000000000005
1619443170606, 7.6000000000000005
1619443170606, 7.6000000000000005
1619443170606, 7.6000000000000005
1619443170644, 7.6000000000000005
1619443170644, 7.6000000000000005
1619443170644, 7.6000000000000005
1619443170644, 7.6000000000000005
1619443170681, 7.6000000000000005
1619443170681, 7.7
1619443170681, 7.7
1619443170721, 7.8
1619443170721, 7.9
1619443170721, 8
1619443170758, 8
1619443170758, 8.1
1619443170800, 8.1
1619443170800, 8.1
1619443170800, 8.1
1619443170800, 8
1619443170840, 8
1619443170840, 8
1619443170840, 7.9
1619443170879, 7.9
1619443170879, 7.9
1619443170879, 7.9
1619443170917, 7.9
1619443170917, 7.9
1619443170917, 8
1619443170955, 8.1
1619443170955, 8.2
1619443170955, 8.4
1619443170955, 8.5
1619443170993, 8.6
1619443170993, 8.700000000000001
1619443170993, 8.700000000000001
1619443171031, 8.8
1619443171031, 8.700000000000001
1619443171031, 8.700000000000001
1619443171071, 8.6
1619443171071, 8.6
1619443171071, 8.5
1619443171111, 8.4
1619443171111, 8.3
1619443171111, 8.2
1619443171151, 8.2
1619443171151, 8.2
1619443171151, 8.2
1619443171190, 8.2
1619443171190, 8.2
1619443171190, 8.2
1619443171241, 8.3
1619443171241, 8.3
1619443171241, 8.4
1619443171241, 8.4
1619443171284, 8.5
1619443171284, 8.5
1619443171284, 8.5
1619443171321, 8.5
1619443171321, 8.5
1619443171321, 8.4
1619443171321, 8.3
1619443171358, 8.3
1619443171358, 8.2
1619443171358, 8.1
1619443171358, 8.1
1619443171395, 8.1
1619443171395, 8.1
1619443171395, 8.1
1619443171431, 8
1619443171431, 8
1619443171431, 8
1619443171470, 8
1619443171470, 8
1619443171470, 8
1619443171510, 8.1
1619443171510, 8.1
1619443171549, 8.1
1619443171549, 8.1
1619443171549, 8.1
1619443171549, 8.1
1619443171587, 8.1
1619443171587, 8.1
1619443171588, 8.1
1619443171626, 8
1619443171626, 8
1619443171626, 8
1619443171664, 8
1619443171664, 8
1619443171664, 8
1619443171664, 8.1
1619443171702, 8.1
1619443171702, 8.2
1619443171702, 8.2
1619443171742, 8.3
1619443171742, 8.3
1619443171742, 8.4
1619443171779, 8.4
1619443171779, 8.4
1619443171817, 8.4
1619443171817, 8.3
1619443171817, 8.2
1619443171817, 8.1
1619443171855, 8.1
1619443171855, 8
1619443171855, 8
1619443171894, 8
1619443171894, 8
1619443171894, 8.1
1619443171933, 8.1
1619443171933, 8.2
1619443171933, 8.2
1619443171972, 8.3
1619443171972, 8.3
1619443171972, 8.3
1619443171972, 8.3
1619443172009, 8.3
1619443172009, 8.3
1619443172046, 8.3
1619443172046, 8.3
1619443172046, 8.3
1619443172082, 8.2
1619443172082, 8.2
1619443172082, 8.2
1619443172082, 8.1
1619443172121, 8.1
1619443172121, 8.1
1619443172121, 8.1
1619443172160, 8.1
1619443172160, 8.1
1619443172197, 8.2
1619443172197, 8.2
1619443172197, 8.2
1619443172197, 8.3
1619443172234, 8.3
1619443172234, 8.4
1619443172234, 8.5
1619443172272, 8.5
1619443172272, 8.6
1619443172272, 8.6
1619443172310, 8.6
1619443172310, 8.6
1619443172310, 8.6
1619443172349, 8.6
1619443172349, 8.6
1619443172349, 8.6
1619443172389, 8.6
1619443172389, 8.6
1619443172389, 8.5
1619443172425, 8.5
1619443172425, 8.4
1619443172425, 8.4
1619443172462, 8.4
1619443172462, 8.3
1619443172462, 8.3
1619443172462, 8.3
1619443172499, 8.3
1619443172499, 8.4
1619443172499, 8.4
1619443172537, 8.4
1619443172537, 8.4
1619443172576, 8.5
1619443172576, 8.5
1619443172576, 8.5
1619443172576, 8.5
1619443172613, 8.6
1619443172613, 8.6
1619443172613, 8.6
1619443172652, 8.700000000000001
1619443172652, 8.700000000000001
1619443172652, 8.700000000000001
1619443172702, 8.700000000000001
1619443172702, 8.700000000000001
1619443172702, 8.700000000000001
1619443172745, 8.700000000000001
1619443172745, 8.700000000000001
1619443172745, 8.700000000000001
1619443172783, 8.700000000000001
1619443172783, 8.700000000000001
1619443172783, 8.700000000000001
1619443172783, 8.700000000000001
1619443172822, 8.700000000000001
1619443172822, 8.700000000000001
1619443172822, 8.700000000000001
1619443172822, 8.700000000000001
1619443172861, 8.700000000000001
1619443172861, 8.700000000000001
1619443172900, 8.700000000000001
1619443172900, 8.700000000000001
1619443172900, 8.700000000000001
1619443172900, 8.700000000000001
1619443172938, 8.700000000000001
1619443172938, 8.700000000000001
1619443172938, 8.6
1619443172978, 8.6
1619443172978, 8.6
1619443172978, 8.6
1619443173016, 8.5
1619443173016, 8.5
1619443173016, 8.4
1619443173055, 8.3
1619443173055, 8.3
1619443173055, 8.2
1619443173055, 8.2
1619443173092, 8.2
1619443173092, 8.2
1619443173092, 8.2
1619443173130, 8.2
1619443173130, 8.1
1619443173130, 8.1
1619443173170, 8.1
1619443173170, 8.1
1619443173170, 8
1619443173207, 8
1619443173207, 8
1619443173207, 8
1619443173244, 8
1619443173244, 8
1619443173244, 8
1619443173283, 8
1619443173283, 8
1619443173283, 8
1619443173321, 8
1619443173321, 8
1619443173321, 8
1619443173321, 8
1619443173359, 8
1619443173359, 8.1
1619443173397, 8.1
1619443173397, 8.1
1619443173397, 8.1
1619443173435, 8.1
1619443173435, 8.1
1619443173435, 8.1
1619443173435, 8.1
1619443173473, 8.1
1619443173473, 8.2
1619443173473, 8.2
1619443173512, 8.2
1619443173512, 8.3
1619443173512, 8.3
1619443173551, 8.3
1619443173551, 8.3
1619443173551, 8.3
1619443173590, 8.2
1619443173590, 8.2
1619443173590, 8.1
1619443173630, 8.1
1619443173630, 8.1
1619443173668, 8.1
1619443173668, 8.1
1619443173668, 8.1
1619443173668, 8.1
1619443173707, 8.2
1619443173707, 8.2
1619443173707, 8.2
1619443173707, 8.2
1619443173744, 8.2
1619443173744, 8.2
1619443173744, 8.2
1619443173782, 8.2
1619443173782, 8.2
1619443173782, 8.2
1619443173821, 8.2
1619443173821, 8.2
1619443173821, 8.2
1619443173858, 8.2
1619443173858, 8.1
1619443173858, 8.1
1619443173896, 8.1
1619443173896, 8.2
1619443173896, 8.2
1619443173933, 8.2
1619443173933, 8.2
1619443173933, 8.2
1619443173971, 8.2
1619443173971, 8.1
1619443173971, 8.1
1619443173971, 8.1
1619443174008, 8.1
1619443174008, 8.1
1619443174046, 8.1
1619443174046, 8
1619443174046, 8
1619443174084, 7.9
1619443174084, 7.9
1619443174084, 7.9
1619443174122, 7.8
1619443174122, 7.8
1619443174122, 7.8
1619443174122, 7.7
1619443174122, 7.7
1619443174122, 7.7
1619443174122, 7.7
1619443174159, 7.7
1619443174159, 7.7
1619443174198, 7.7
1619443174238, 7.7
1619443174238, 7.7
1619443174238, 7.7
1619443174275, 7.7
1619443174275, 7.7
1619443174275, 7.7
1619443174315, 7.7
1619443174315, 7.8
1619443174315, 7.8
1619443174367, 7.8
1619443174367, 7.8
1619443174367, 7.8
1619443174410, 7.8
1619443174410, 7.8
1619443174410, 7.8
1619443174410, 7.8
1619443174450, 7.8
1619443174450, 7.8
1619443174450, 7.8
1619443174450, 7.9
1619443174490, 7.9
1619443174490, 8
1619443174490, 8
1619443174527, 8.1
1619443174527, 8.2
1619443174527, 8.2
1619443174563, 8.2
1619443174563, 8.3
1619443174563, 8.4
1619443174563, 8.4
1619443174600, 8.4
1619443174600, 8.4
1619443174600, 8.3
1619443174639, 8.3
1619443174640, 8.3
1619443174640, 8.3
1619443174678, 8.3
1619443174678, 8.3
1619443174678, 8.3
1619443174717, 8.4
1619443174717, 8.5
1619443174717, 8.5
1619443174757, 8.6
1619443174757, 8.6
1619443174757, 8.6
1619443174795, 8.700000000000001
1619443174795, 8.700000000000001
1619443174795, 8.700000000000001
1619443174834, 8.700000000000001
1619443174834, 8.6
1619443174834, 8.6
1619443174834, 8.6
1619443174871, 8.5
1619443174871, 8.5
1619443174871, 8.5
1619443174909, 8.4
1619443174910, 8.4
1619443174910, 8.4
1619443174947, 8.4
1619443174947, 8.4
1619443174984, 8.4
1619443174984, 8.4
1619443174984, 8.4
1619443174984, 8.4
1619443175022, 8.4
1619443175022, 8.4
1619443175022, 8.3
1619443175059, 8.3
1619443175059, 8.3
1619443175059, 8.3
1619443175097, 8.3
1619443175097, 8.2
1619443175097, 8.3
1619443175134, 8.3
1619443175134, 8.3
1619443175134, 8.3
1619443175173, 8.3
1619443175173, 8.3
1619443175173, 8.3
1619443175211, 8.4
1619443175211, 8.4
1619443175211, 8.5
1619443175249, 8.5
1619443175249, 8.6
1619443175249, 8.6
1619443175288, 8.700000000000001
1619443175288, 8.700000000000001
1619443175288, 8.8
1619443175325, 8.8
1619443175325, 8.8
1619443175325, 8.8
1619443175363, 8.8
1619443175363, 8.700000000000001
1619443175363, 8.700000000000001
1619443175363, 8.6
1619443175401, 8.6
1619443175401, 8.5
1619443175401, 8.4
1619443175438, 8.3
1619443175438, 8.2
1619443175477, 8.2
1619443175477, 8.1
1619443175477, 8.1
1619443175477, 8
1619443175516, 8
1619443175516, 8
1619443175516, 8
1619443175553, 8
1619443175553, 8.1
1619443175553, 8.1
1619443175592, 8.1
1619443175592, 8.1
1619443175592, 8.1
1619443175630, 8.2
1619443175630, 8.2
1619443175630, 8.2
1619443175630, 8.2
1619443175667, 8.2
1619443175667, 8.2
1619443175706, 8.2
1619443175706, 8.2
1619443175706, 8.1
1619443175743, 8.1
1619443175743, 8.1
1619443175743, 8.1
1619443175743, 8.1
1619443175780, 8.1
1619443175780, 8.1
1619443175780, 8.1
1619443175819, 8.2
1619443175819, 8.2
1619443175857, 8.2
1619443175857, 8.2
1619443175857, 8.2
1619443175857, 8.2
1619443175897, 8.2
1619443175897, 8.2
1619443175897, 8.2
1619443175935, 8.2
1619443175935, 8.2
1619443175935, 8.2
1619443175972, 8.2
1619443175972, 8.3
1619443175972, 8.3
1619443176023, 8.3
1619443176023, 8.4
1619443176023, 8.4
1619443176023, 8.5
1619443176065, 8.5
1619443176065, 8.6
1619443176104, 8.6
1619443176104, 8.700000000000001
1619443176104, 8.700000000000001
1619443176104, 8.700000000000001
1619443176141, 8.700000000000001
1619443176141, 8.700000000000001
1619443176141, 8.700000000000001
1619443176141, 8.700000000000001
1619443176179, 8.700000000000001
1619443176179, 8.700000000000001
1619443176179, 8.700000000000001
1619443176216, 8.700000000000001
1619443176216, 8.700000000000001
1619443176216, 8.6
1619443176255, 8.6
1619443176255, 8.6
1619443176255, 8.6
1619443176294, 8.6
1619443176294, 8.6
1619443176294, 8.700000000000001
1619443176332, 8.700000000000001
1619443176332, 8.8
1619443176332, 8.8
1619443176332, 8.9
1619443176370, 8.9
1619443176370, 8.9
1619443176370, 8.9
1619443176407, 8.9
1619443176407, 8.9
1619443176444, 8.9
1619443176444, 8.9
1619443176444, 8.8
1619443176444, 8.8
1619443176483, 8.700000000000001
1619443176483, 8.700000000000001
1619443176483, 8.6
1619443176520, 8.6
1619443176520, 8.6
1619443176520, 8.5
1619443176559, 8.5
1619443176559, 8.5
1619443176559, 8.6
1619443176597, 8.6
1619443176597, 8.6
1619443176597, 8.6
1619443176636, 8.6
1619443176636, 8.6
1619443176636, 8.6
1619443176674, 8.6
1619443176674, 8.6
1619443176674, 8.6
1619443176711, 8.6
1619443176711, 8.6
1619443176711, 8.6
1619443176711, 8.6
1619443176749, 8.6
1619443176749, 8.5
1619443176749, 8.4
1619443176790, 8.3
1619443176790, 8.3
1619443176829, 8.3
1619443176829, 8.2
1619443176829, 8.2
1619443176866, 8.2
1619443176866, 8.1
1619443176866, 8
1619443176866, 8
1619443176904, 7.8
1619443176904, 7.7
1619443176904, 7.6000000000000005
1619443176941, 7.5
1619443176941, 7.4
1619443176941, 7.3
1619443176979, 7.2
1619443176979, 7.2
1619443176979, 7.1000000000000005
1619443176979, 7.1000000000000005
1619443177017, 7
1619443177017, 6.9
1619443177054, 6.9
1619443177054, 6.8
1619443177054, 6.8
1619443177091, 6.8
1619443177091, 6.8
1619443177091, 6.8
1619443177129, 6.8
1619443177129, 6.8
1619443177129, 6.8
1619443177129, 6.8
1619443177168, 6.8
1619443177168, 6.8
1619443177206, 6.8
1619443177206, 6.9
1619443177206, 6.9
1619443177244, 7
1619443177244, 7.1000000000000005
1619443177244, 7.2
1619443177244, 7.3
1619443177282, 7.4
1619443177282, 7.5
1619443177319, 7.6000000000000005
1619443177319, 7.7
1619443177319, 7.8
1619443177319, 7.9
1619443177356, 8
1619443177356, 8.1
1619443177356, 8.1
1619443177393, 8.2
1619443177393, 8.3
1619443177393, 8.3
1619443177430, 8.4
1619443177430, 8.5
1619443177430, 8.5
1619443177468, 8.5
1619443177468, 8.6
1619443177468, 8.6
1619443177507, 8.6
1619443177507, 8.6
1619443177507, 8.700000000000001
1619443177544, 8.700000000000001
1619443177544, 8.8
1619443177544, 8.8
1619443177582, 8.9
1619443177582, 8.9
1619443177582, 8.9
1619443177634, 8.9
1619443177634, 8.8
1619443177634, 8.8
1619443177634, 8.700000000000001
1619443177676, 8.6
1619443177676, 8.6
1619443177713, 8.6
1619443177713, 8.6
1619443177713, 8.6
1619443177713, 8.5
1619443177713, 8.5
1619443177750, 8.4
1619443177750, 8.4
1619443177750, 8.3
1619443177789, 8.3
1619443177789, 8.3
1619443177789, 8.2
1619443177826, 8.2
1619443177826, 8.2
1619443177826, 8.2
1619443177864, 8.2
1619443177864, 8.2
1619443177864, 8.2
1619443177901, 8.2
1619443177901, 8.2
1619443177901, 8.2
1619443177940, 8.2
1619443177940, 8.2
1619443177940, 8.2
1619443177940, 8.2
1619443177979, 8.3
1619443177979, 8.3
1619443178017, 8.3
1619443178017, 8.3
1619443178017, 8.4
1619443178055, 8.4
1619443178055, 8.4
1619443178055, 8.4
1619443178055, 8.4
1619443178092, 8.4
1619443178092, 8.4
1619443178092, 8.5
1619443178130, 8.5
1619443178130, 8.5
1619443178130, 8.6
1619443178169, 8.6
1619443178169, 8.6
1619443178169, 8.700000000000001
1619443178208, 8.700000000000001
1619443178208, 8.8
1619443178208, 8.9
1619443178246, 9
1619443178246, 9
1619443178246, 9.1
1619443178285, 9.200000000000001
1619443178285, 9.200000000000001
1619443178285, 9.200000000000001
1619443178323, 9.200000000000001
1619443178323, 9.200000000000001
1619443178323, 9.200000000000001
1619443178323, 9.200000000000001
1619443178363, 9.200000000000001
1619443178363, 9.1
1619443178363, 9.1
1619443178401, 9
1619443178401, 9
1619443178401, 9
1619443178438, 8.9
1619443178438, 8.9
1619443178438, 8.9
1619443178477, 8.9
1619443178477, 8.9
1619443178477, 8.9
1619443178517, 8.8
1619443178517, 8.8
1619443178517, 8.8
1619443178555, 8.700000000000001
1619443178555, 8.700000000000001
1619443178555, 8.6
1619443178592, 8.6
1619443178592, 8.5
1619443178592, 8.4
1619443178592, 8.3
1619443178629, 8.3
1619443178629, 8.2
1619443178629, 8.1
1619443178667, 8.1
1619443178667, 8
1619443178706, 8
1619443178706, 8
1619443178706, 7.9
1619443178706, 8
1619443178742, 8
1619443178742, 8
1619443178742, 8
1619443178789, 8.1
1619443178789, 8.1
1619443178789, 8.2
1619443178827, 8.2
1619443178827, 8.2
1619443178866, 8.3
1619443178866, 8.3
1619443178866, 8.2
1619443178866, 8.2
1619443178866, 8.2
1619443178906, 8.2
1619443178906, 8.1
1619443178906, 8.1
1619443178944, 8.1
1619443178944, 8.1
1619443178944, 8.2
1619443178982, 8.2
1619443178982, 8.2
1619443178982, 8.2
1619443179018, 8.2
1619443179018, 8.2
1619443179018, 8.2
1619443179018, 8.1
1619443179056, 8.1
1619443179056, 8.1
1619443179093, 8
1619443179093, 8
1619443179093, 8
1619443179131, 7.9
1619443179131, 7.9
1619443179131, 7.9
1619443179131, 7.9
1619443179169, 7.9
1619443179169, 7.9
1619443179169, 7.9
1619443179206, 7.9
1619443179206, 7.9
1619443179245, 7.9
1619443179245, 7.9
1619443179245, 7.9
1619443179285, 7.9
1619443179285, 7.8
1619443179285, 7.7
1619443179285, 7.6000000000000005
1619443179322, 7.5
1619443179322, 7.4
1619443179322, 7.2
1619443179359, 7.1000000000000005
1619443179359, 7
1619443179359, 6.9
1619443179397, 6.8
1619443179397, 6.7
1619443179397, 6.6000000000000005
1619443179448, 6.5
1619443179448, 6.5
1619443179448, 6.4
1619443179494, 6.3
1619443179494, 6.3
1619443179494, 6.2
1619443179532, 6.2
1619443179532, 6.1000000000000005
1619443179532, 6.1000000000000005
1619443179532, 6
1619443179571, 5.9
1619443179571, 5.9
1619443179571, 5.8
1619443179571, 5.7
1619443179609, 5.6000000000000005
1619443179609, 5.4
1619443179609, 5.2
1619443179648, 5
1619443179648, 4.8
1619443179648, 4.6000000000000005
1619443179687, 4.4
1619443179687, 4.2
1619443179687, 4.1
1619443179726, 4
1619443179726, 3.9
1619443179726, 3.9
1619443179726, 3.9
1619443179765, 3.8000000000000003
1619443179765, 3.8000000000000003
1619443179765, 3.8000000000000003
1619443179804, 3.7
1619443179804, 3.7
1619443179804, 3.6
1619443179842, 3.5
1619443179842, 3.4
1619443179842, 3.4
1619443179880, 3.3000000000000003
1619443179880, 3.2
1619443179880, 3.1
1619443179880, 0
1619443179920, 0
